summary_id,year,race,hispanic,age_cohort,total_maternal_deaths,direct_obstetric_abortive_count,direct_obstetric_nonabortive_count,direct_obstetric_unspecified_count,other_pregnancy_related_count,indirect_obstetric_count,don_eclampsia_preeclampsia_count,don_hemorrhage_count,don_puerperium_embolism_count,don_puerperium_other_count,don_all_other_count
2009110,2009,Hispanic,Hispanic,10-14,0,0,0,0,0,0,0,0,0,0,0
2009111,2009,Hispanic,Hispanic,15-19,12,0,4,1,5,2,1,0,0,1,2
2009112,2009,Hispanic,Hispanic,20-24,28,2,9,1,9,7,2,1,1,1,4
2009113,2009,Hispanic,Hispanic,25-29,42,2,15,2,19,4,1,2,2,1,9
2009114,2009,Hispanic,Hispanic,30-34,42,0,9,1,24,8,1,0,1,1,6
2009115,2009,Hispanic,Hispanic,35-29,32,2,14,0,15,1,1,2,0,1,10
2009116,2009,Hispanic,Hispanic,40-44,12,0,2,1,8,1,0,1,1,0,0
2009117,2009,Hispanic,Hispanic,45-49,6,0,3,0,2,1,0,0,1,1,1
2009118,2009,Hispanic,Hispanic,50-54,6,1,2,0,3,0,0,0,0,0,2
2009100,2009,"White, Non-Hispanic",Non-Hispanic,10-14,0,0,0,0,0,0,0,0,0,0,0
2009101,2009,"White, Non-Hispanic",Non-Hispanic,15-19,24,0,13,0,5,6,2,1,0,2,8
2009102,2009,"White, Non-Hispanic",Non-Hispanic,20-24,69,5,23,0,24,17,2,1,0,6,14
2009103,2009,"White, Non-Hispanic",Non-Hispanic,25-29,84,1,31,6,30,16,4,2,4,5,16
2009104,2009,"White, Non-Hispanic",Non-Hispanic,30-34,82,1,42,2,21,16,6,4,6,7,19
2009105,2009,"White, Non-Hispanic",Non-Hispanic,35-29,68,0,36,3,15,14,8,2,8,5,13
2009106,2009,"White, Non-Hispanic",Non-Hispanic,40-44,37,1,15,1,10,10,0,2,0,0,13
2009107,2009,"White, Non-Hispanic",Non-Hispanic,45-49,34,1,19,1,5,8,0,1,1,1,16
2009108,2009,"White, Non-Hispanic",Non-Hispanic,50-54,25,0,8,0,5,12,1,0,0,0,7
2009210,2009,Black,Hispanic,10-14,0,0,0,0,0,0,0,0,0,0,0
2009211,2009,Black,Hispanic,15-19,0,0,0,0,0,0,0,0,0,0,0
2009212,2009,Black,Hispanic,20-24,0,0,0,0,0,0,0,0,0,0,0
2009213,2009,Black,Hispanic,25-29,0,0,0,0,0,0,0,0,0,0,0
2009214,2009,Black,Hispanic,30-34,0,0,0,0,0,0,0,0,0,0,0
2009215,2009,Black,Hispanic,35-29,0,0,0,0,0,0,0,0,0,0,0
2009216,2009,Black,Hispanic,40-44,0,0,0,0,0,0,0,0,0,0,0
2009217,2009,Black,Hispanic,45-49,0,0,0,0,0,0,0,0,0,0,0
2009218,2009,Black,Hispanic,50-54,0,0,0,0,0,0,0,0,0,0,0
2009200,2009,Black,Non-Hispanic,10-14,3,0,2,0,0,1,0,1,0,0,1
2009201,2009,Black,Non-Hispanic,15-19,21,4,10,2,2,3,1,0,2,2,5
2009202,2009,Black,Non-Hispanic,20-24,67,4,32,1,12,18,3,2,2,12,13
2009203,2009,Black,Non-Hispanic,25-29,66,6,34,3,14,9,5,2,6,6,15
2009204,2009,Black,Non-Hispanic,30-34,64,2,34,3,14,11,3,3,4,8,16
2009205,2009,Black,Non-Hispanic,35-29,39,0,20,5,9,5,2,1,1,4,12
2009206,2009,Black,Non-Hispanic,40-44,26,0,11,2,6,7,1,0,0,2,8
2009207,2009,Black,Non-Hispanic,45-49,12,1,9,0,1,1,1,0,0,0,8
2009208,2009,Black,Non-Hispanic,50-54,8,0,5,0,1,2,0,0,0,0,5
2009310,2009,"American Indian/Alaskan Native",Hispanic,10-14,0,0,0,0,0,0,0,0,0,0,0
2009311,2009,"American Indian/Alaskan Native",Hispanic,15-19,0,0,0,0,0,0,0,0,0,0,0
2009312,2009,"American Indian/Alaskan Native",Hispanic,20-24,0,0,0,0,0,0,0,0,0,0,0
2009313,2009,"American Indian/Alaskan Native",Hispanic,25-29,0,0,0,0,0,0,0,0,0,0,0
2009314,2009,"American Indian/Alaskan Native",Hispanic,30-34,0,0,0,0,0,0,0,0,0,0,0
2009315,2009,"American Indian/Alaskan Native",Hispanic,35-29,0,0,0,0,0,0,0,0,0,0,0
2009316,2009,"American Indian/Alaskan Native",Hispanic,40-44,0,0,0,0,0,0,0,0,0,0,0
2009317,2009,"American Indian/Alaskan Native",Hispanic,45-49,0,0,0,0,0,0,0,0,0,0,0
2009318,2009,"American Indian/Alaskan Native",Hispanic,50-54,0,0,0,0,0,0,0,0,0,0,0
2009300,2009,"American Indian/Alaskan Native",Non-Hispanic,10-14,0,0,0,0,0,0,0,0,0,0,0
2009301,2009,"American Indian/Alaskan Native",Non-Hispanic,15-19,0,0,0,0,0,0,0,0,0,0,0
2009302,2009,"American Indian/Alaskan Native",Non-Hispanic,20-24,1,0,1,0,0,0,0,0,0,1,0
2009303,2009,"American Indian/Alaskan Native",Non-Hispanic,25-29,7,1,5,0,0,1,0,0,0,2,3
2009304,2009,"American Indian/Alaskan Native",Non-Hispanic,30-34,1,0,1,0,0,0,0,0,1,0,0
2009305,2009,"American Indian/Alaskan Native",Non-Hispanic,35-29,3,0,3,0,0,0,0,0,0,0,3
2009306,2009,"American Indian/Alaskan Native",Non-Hispanic,40-44,0,0,0,0,0,0,0,0,0,0,0
2009307,2009,"American Indian/Alaskan Native",Non-Hispanic,45-49,3,0,1,0,0,2,0,0,0,0,1
2009308,2009,"American Indian/Alaskan Native",Non-Hispanic,50-54,0,0,0,0,0,0,0,0,0,0,0
2009410,2009,"Asian/Pacific Islander",Hispanic,10-14,0,0,0,0,0,0,0,0,0,0,0
2009411,2009,"Asian/Pacific Islander",Hispanic,15-19,0,0,0,0,0,0,0,0,0,0,0
2009412,2009,"Asian/Pacific Islander",Hispanic,20-24,1,0,0,0,1,0,0,0,0,0,0
2009413,2009,"Asian/Pacific Islander",Hispanic,25-29,0,0,0,0,0,0,0,0,0,0,0
2009414,2009,"Asian/Pacific Islander",Hispanic,30-34,0,0,0,0,0,0,0,0,0,0,0
2009415,2009,"Asian/Pacific Islander",Hispanic,35-29,0,0,0,0,0,0,0,0,0,0,0
2009416,2009,"Asian/Pacific Islander",Hispanic,40-44,0,0,0,0,0,0,0,0,0,0,0
2009417,2009,"Asian/Pacific Islander",Hispanic,45-49,0,0,0,0,0,0,0,0,0,0,0
2009418,2009,"Asian/Pacific Islander",Hispanic,50-54,0,0,0,0,0,0,0,0,0,0,0
2009400,2009,"Asian/Pacific Islander",Non-Hispanic,10-14,0,0,0,0,0,0,0,0,0,0,0
2009401,2009,"Asian/Pacific Islander",Non-Hispanic,15-19,1,0,0,0,1,0,0,0,0,0,0
2009402,2009,"Asian/Pacific Islander",Non-Hispanic,20-24,3,0,2,0,1,0,1,0,0,0,1
2009403,2009,"Asian/Pacific Islander",Non-Hispanic,25-29,11,0,2,0,6,3,0,1,0,0,1
2009404,2009,"Asian/Pacific Islander",Non-Hispanic,30-34,4,0,2,1,1,0,0,0,0,1,1
2009405,2009,"Asian/Pacific Islander",Non-Hispanic,35-29,7,0,1,1,4,1,0,0,0,0,1
2009406,2009,"Asian/Pacific Islander",Non-Hispanic,40-44,4,0,2,0,1,1,0,0,1,0,1
2009407,2009,"Asian/Pacific Islander",Non-Hispanic,45-49,1,0,0,0,1,0,0,0,0,0,0
2009408,2009,"Asian/Pacific Islander",Non-Hispanic,50-54,0,0,0,0,0,0,0,0,0,0,0
2010110,2010,Hispanic,Hispanic,10-14,0,0,0,0,0,0,0,0,0,0,0
2010111,2010,Hispanic,Hispanic,15-19,3,0,1,0,1,1,0,0,0,0,1
2010112,2010,Hispanic,Hispanic,20-24,28,0,14,1,8,5,4,0,1,2,7
2010113,2010,Hispanic,Hispanic,25-29,40,6,19,2,9,4,5,3,1,2,8
2010114,2010,Hispanic,Hispanic,30-34,29,0,13,1,8,7,1,2,1,1,8
2010115,2010,Hispanic,Hispanic,35-29,27,2,11,2,8,4,2,3,0,1,5
2010116,2010,Hispanic,Hispanic,40-44,9,0,4,0,2,3,0,0,0,1,3
2010117,2010,Hispanic,Hispanic,45-49,3,0,1,0,2,0,0,0,0,0,1
2010118,2010,Hispanic,Hispanic,50-54,2,0,1,0,1,0,0,0,0,0,1
2010100,2010,"White, Non-Hispanic",Non-Hispanic,10-14,1,0,1,0,0,0,0,0,0,0,1
2010101,2010,"White, Non-Hispanic",Non-Hispanic,15-19,26,1,10,3,5,7,2,1,0,0,7
2010102,2010,"White, Non-Hispanic",Non-Hispanic,20-24,49,2,31,0,7,9,4,2,2,8,15
2010103,2010,"White, Non-Hispanic",Non-Hispanic,25-29,81,1,37,5,15,23,2,2,5,1,27
2010104,2010,"White, Non-Hispanic",Non-Hispanic,30-34,70,3,36,2,14,15,3,4,7,4,18
2010105,2010,"White, Non-Hispanic",Non-Hispanic,35-29,56,3,28,4,10,11,3,4,1,4,16
2010106,2010,"White, Non-Hispanic",Non-Hispanic,40-44,33,1,16,0,3,13,3,0,4,0,9
2010107,2010,"White, Non-Hispanic",Non-Hispanic,45-49,25,0,9,0,5,11,1,0,2,1,5
2010108,2010,"White, Non-Hispanic",Non-Hispanic,50-54,18,0,8,0,2,8,0,0,0,0,8
2010210,2010,Black,Hispanic,10-14,0,0,0,0,0,0,0,0,0,0,0
2010211,2010,Black,Hispanic,15-19,0,0,0,0,0,0,0,0,0,0,0
2010212,2010,Black,Hispanic,20-24,0,0,0,0,0,0,0,0,0,0,0
2010213,2010,Black,Hispanic,25-29,0,0,0,0,0,0,0,0,0,0,0
2010214,2010,Black,Hispanic,30-34,0,0,0,0,0,0,0,0,0,0,0
2010215,2010,Black,Hispanic,35-29,0,0,0,0,0,0,0,0,0,0,0
2010216,2010,Black,Hispanic,40-44,0,0,0,0,0,0,0,0,0,0,0
2010217,2010,Black,Hispanic,45-49,0,0,0,0,0,0,0,0,0,0,0
2010218,2010,Black,Hispanic,50-54,0,0,0,0,0,0,0,0,0,0,0
2010200,2010,Black,Non-Hispanic,10-14,0,0,0,0,0,0,0,0,0,0,0
2010201,2010,Black,Non-Hispanic,15-19,11,1,3,1,1,5,1,0,1,1,0
2010202,2010,Black,Non-Hispanic,20-24,40,3,15,2,10,10,0,1,3,6,5
2010203,2010,Black,Non-Hispanic,25-29,58,6,34,4,8,6,3,3,3,7,18
2010204,2010,Black,Non-Hispanic,30-34,60,0,39,3,6,12,7,3,6,7,16
2010205,2010,Black,Non-Hispanic,35-29,48,5,22,2,7,12,0,3,6,2,11
2010206,2010,Black,Non-Hispanic,40-44,33,2,18,0,9,4,1,2,0,3,12
2010207,2010,Black,Non-Hispanic,45-49,7,1,4,0,0,2,1,0,0,0,3
2010208,2010,Black,Non-Hispanic,50-54,6,0,5,0,0,1,0,0,0,0,5
2010310,2010,"American Indian/Alaskan Native",Hispanic,10-14,0,0,0,0,0,0,0,0,0,0,0
2010311,2010,"American Indian/Alaskan Native",Hispanic,15-19,0,0,0,0,0,0,0,0,0,0,0
2010312,2010,"American Indian/Alaskan Native",Hispanic,20-24,0,0,0,0,0,0,0,0,0,0,0
2010313,2010,"American Indian/Alaskan Native",Hispanic,25-29,0,0,0,0,0,0,0,0,0,0,0
2010314,2010,"American Indian/Alaskan Native",Hispanic,30-34,0,0,0,0,0,0,0,0,0,0,0
2010315,2010,"American Indian/Alaskan Native",Hispanic,35-29,0,0,0,0,0,0,0,0,0,0,0
2010316,2010,"American Indian/Alaskan Native",Hispanic,40-44,1,0,1,0,0,0,0,0,0,0,1
2010317,2010,"American Indian/Alaskan Native",Hispanic,45-49,0,0,0,0,0,0,0,0,0,0,0
2010318,2010,"American Indian/Alaskan Native",Hispanic,50-54,0,0,0,0,0,0,0,0,0,0,0
2010300,2010,"American Indian/Alaskan Native",Non-Hispanic,10-14,0,0,0,0,0,0,0,0,0,0,0
2010301,2010,"American Indian/Alaskan Native",Non-Hispanic,15-19,1,0,1,0,0,0,1,0,0,0,0
2010302,2010,"American Indian/Alaskan Native",Non-Hispanic,20-24,4,0,3,0,1,0,0,0,0,0,3
2010303,2010,"American Indian/Alaskan Native",Non-Hispanic,25-29,1,0,0,1,0,0,0,0,0,0,0
2010304,2010,"American Indian/Alaskan Native",Non-Hispanic,30-34,2,0,0,0,1,1,0,0,0,0,0
2010305,2010,"American Indian/Alaskan Native",Non-Hispanic,35-29,4,0,3,1,0,0,0,0,1,0,2
2010306,2010,"American Indian/Alaskan Native",Non-Hispanic,40-44,0,0,0,0,0,0,0,0,0,0,0
2010307,2010,"American Indian/Alaskan Native",Non-Hispanic,45-49,1,0,0,0,1,0,0,0,0,0,0
2010308,2010,"American Indian/Alaskan Native",Non-Hispanic,50-54,1,0,1,0,0,0,0,0,0,0,1
2010410,2010,"Asian/Pacific Islander",Hispanic,10-14,0,0,0,0,0,0,0,0,0,0,0
2010411,2010,"Asian/Pacific Islander",Hispanic,15-19,1,0,1,0,0,0,0,0,0,0,1
2010412,2010,"Asian/Pacific Islander",Hispanic,20-24,0,0,0,0,0,0,0,0,0,0,0
2010413,2010,"Asian/Pacific Islander",Hispanic,25-29,1,0,0,0,0,1,0,0,0,0,0
2010414,2010,"Asian/Pacific Islander",Hispanic,30-34,1,0,0,0,1,0,0,0,0,0,0
2010415,2010,"Asian/Pacific Islander",Hispanic,35-29,1,0,0,0,0,1,0,0,0,0,0
2010416,2010,"Asian/Pacific Islander",Hispanic,40-44,0,0,0,0,0,0,0,0,0,0,0
2010417,2010,"Asian/Pacific Islander",Hispanic,45-49,0,0,0,0,0,0,0,0,0,0,0
2010418,2010,"Asian/Pacific Islander",Hispanic,50-54,0,0,0,0,0,0,0,0,0,0,0
2010400,2010,"Asian/Pacific Islander",Non-Hispanic,10-14,0,0,0,0,0,0,0,0,0,0,0
2010401,2010,"Asian/Pacific Islander",Non-Hispanic,15-19,0,0,0,0,0,0,0,0,0,0,0
2010402,2010,"Asian/Pacific Islander",Non-Hispanic,20-24,0,0,0,0,0,0,0,0,0,0,0
2010403,2010,"Asian/Pacific Islander",Non-Hispanic,25-29,9,0,3,0,3,3,1,1,1,0,0
2010404,2010,"Asian/Pacific Islander",Non-Hispanic,30-34,15,0,12,1,1,1,0,4,4,1,3
2010405,2010,"Asian/Pacific Islander",Non-Hispanic,35-29,11,0,8,0,0,3,1,1,0,1,5
2010406,2010,"Asian/Pacific Islander",Non-Hispanic,40-44,3,0,0,0,2,1,0,0,0,0,0
2010407,2010,"Asian/Pacific Islander",Non-Hispanic,45-49,1,0,0,0,0,1,0,0,0,0,0
2010408,2010,"Asian/Pacific Islander",Non-Hispanic,50-54,0,0,0,0,0,0,0,0,0,0,0
2011110,2011,Hispanic,Hispanic,10-14,0,0,0,0,0,0,0,0,0,0,0
2011111,2011,Hispanic,Hispanic,15-19,9,0,4,0,2,3,0,2,0,1,1
2011112,2011,Hispanic,Hispanic,20-24,20,3,10,1,5,1,3,0,1,0,6
2011113,2011,Hispanic,Hispanic,25-29,30,1,17,0,9,3,4,2,2,2,7
2011114,2011,Hispanic,Hispanic,30-34,25,1,12,1,5,6,1,1,1,2,7
2011115,2011,Hispanic,Hispanic,35-29,23,0,15,0,4,4,1,0,3,0,11
2011116,2011,Hispanic,Hispanic,40-44,9,0,7,0,1,1,2,0,1,0,4
2011117,2011,Hispanic,Hispanic,45-49,2,0,2,0,0,0,0,0,0,0,2
2011118,2011,Hispanic,Hispanic,50-54,8,0,5,0,1,2,0,0,0,0,5
2011100,2011,"White, Non-Hispanic",Non-Hispanic,10-14,0,0,0,0,0,0,0,0,0,0,0
2011101,2011,"White, Non-Hispanic",Non-Hispanic,15-19,14,0,4,2,5,3,0,1,0,1,2
2011102,2011,"White, Non-Hispanic",Non-Hispanic,20-24,59,0,22,8,14,15,5,1,2,2,12
2011103,2011,"White, Non-Hispanic",Non-Hispanic,25-29,100,3,49,6,17,25,5,4,4,7,29
2011104,2011,"White, Non-Hispanic",Non-Hispanic,30-34,77,2,32,2,14,27,4,4,3,4,17
2011105,2011,"White, Non-Hispanic",Non-Hispanic,35-29,72,3,38,3,13,15,4,5,4,3,22
2011106,2011,"White, Non-Hispanic",Non-Hispanic,40-44,51,0,22,1,11,17,2,2,1,0,17
2011107,2011,"White, Non-Hispanic",Non-Hispanic,45-49,27,0,12,0,5,10,0,0,0,2,10
2011108,2011,"White, Non-Hispanic",Non-Hispanic,50-54,42,0,20,1,2,19,0,0,1,1,18
2011210,2011,Black,Hispanic,10-14,0,0,0,0,0,0,0,0,0,0,0
2011211,2011,Black,Hispanic,15-19,0,0,0,0,0,0,0,0,0,0,0
2011212,2011,Black,Hispanic,20-24,1,0,1,0,0,0,0,0,0,1,0
2011213,2011,Black,Hispanic,25-29,1,0,0,0,0,1,0,0,0,0,0
2011214,2011,Black,Hispanic,30-34,1,0,0,0,0,1,0,0,0,0,0
2011215,2011,Black,Hispanic,35-29,0,0,0,0,0,0,0,0,0,0,0
2011216,2011,Black,Hispanic,40-44,0,0,0,0,0,0,0,0,0,0,0
2011217,2011,Black,Hispanic,45-49,0,0,0,0,0,0,0,0,0,0,0
2011218,2011,Black,Hispanic,50-54,0,0,0,0,0,0,0,0,0,0,0
2011200,2011,Black,Non-Hispanic,10-14,0,0,0,0,0,0,0,0,0,0,0
2011201,2011,Black,Non-Hispanic,15-19,11,2,4,0,4,1,1,0,1,1,1
2011202,2011,Black,Non-Hispanic,20-24,52,1,26,3,9,13,4,0,5,6,11
2011203,2011,Black,Non-Hispanic,25-29,61,5,30,4,7,15,2,3,1,5,19
2011204,2011,Black,Non-Hispanic,30-34,63,1,36,2,10,14,8,5,6,3,14
2011205,2011,Black,Non-Hispanic,35-29,56,4,35,2,10,5,7,2,4,5,17
2011206,2011,Black,Non-Hispanic,40-44,31,0,20,1,3,7,1,0,0,2,17
2011207,2011,Black,Non-Hispanic,45-49,13,0,5,0,3,5,0,0,0,2,3
2011208,2011,Black,Non-Hispanic,50-54,15,0,11,0,2,2,1,0,1,1,8
2011310,2011,"American Indian/Alaskan Native",Hispanic,10-14,0,0,0,0,0,0,0,0,0,0,0
2011311,2011,"American Indian/Alaskan Native",Hispanic,15-19,0,0,0,0,0,0,0,0,0,0,0
2011312,2011,"American Indian/Alaskan Native",Hispanic,20-24,1,0,1,0,0,0,0,0,0,0,1
2011313,2011,"American Indian/Alaskan Native",Hispanic,25-29,0,0,0,0,0,0,0,0,0,0,0
2011314,2011,"American Indian/Alaskan Native",Hispanic,30-34,0,0,0,0,0,0,0,0,0,0,0
2011315,2011,"American Indian/Alaskan Native",Hispanic,35-29,0,0,0,0,0,0,0,0,0,0,0
2011316,2011,"American Indian/Alaskan Native",Hispanic,40-44,0,0,0,0,0,0,0,0,0,0,0
2011317,2011,"American Indian/Alaskan Native",Hispanic,45-49,0,0,0,0,0,0,0,0,0,0,0
2011318,2011,"American Indian/Alaskan Native",Hispanic,50-54,0,0,0,0,0,0,0,0,0,0,0
2011300,2011,"American Indian/Alaskan Native",Non-Hispanic,10-14,0,0,0,0,0,0,0,0,0,0,0
2011301,2011,"American Indian/Alaskan Native",Non-Hispanic,15-19,1,0,1,0,0,0,0,0,0,0,1
2011302,2011,"American Indian/Alaskan Native",Non-Hispanic,20-24,2,0,1,0,1,0,0,0,0,0,1
2011303,2011,"American Indian/Alaskan Native",Non-Hispanic,25-29,2,0,2,0,0,0,0,0,0,0,2
2011304,2011,"American Indian/Alaskan Native",Non-Hispanic,30-34,8,0,4,1,2,1,1,1,0,0,2
2011305,2011,"American Indian/Alaskan Native",Non-Hispanic,35-29,3,0,1,0,1,1,0,0,0,1,0
2011306,2011,"American Indian/Alaskan Native",Non-Hispanic,40-44,1,0,1,0,0,0,0,0,0,0,1
2011307,2011,"American Indian/Alaskan Native",Non-Hispanic,45-49,1,0,0,0,1,0,0,0,0,0,0
2011308,2011,"American Indian/Alaskan Native",Non-Hispanic,50-54,0,0,0,0,0,0,0,0,0,0,0
2011410,2011,"Asian/Pacific Islander",Hispanic,10-14,0,0,0,0,0,0,0,0,0,0,0
2011411,2011,"Asian/Pacific Islander",Hispanic,15-19,0,0,0,0,0,0,0,0,0,0,0
2011412,2011,"Asian/Pacific Islander",Hispanic,20-24,0,0,0,0,0,0,0,0,0,0,0
2011413,2011,"Asian/Pacific Islander",Hispanic,25-29,0,0,0,0,0,0,0,0,0,0,0
2011414,2011,"Asian/Pacific Islander",Hispanic,30-34,0,0,0,0,0,0,0,0,0,0,0
2011415,2011,"Asian/Pacific Islander",Hispanic,35-29,0,0,0,0,0,0,0,0,0,0,0
2011416,2011,"Asian/Pacific Islander",Hispanic,40-44,0,0,0,0,0,0,0,0,0,0,0
2011417,2011,"Asian/Pacific Islander",Hispanic,45-49,0,0,0,0,0,0,0,0,0,0,0
2011418,2011,"Asian/Pacific Islander",Hispanic,50-54,0,0,0,0,0,0,0,0,0,0,0
2011400,2011,"Asian/Pacific Islander",Non-Hispanic,10-14,2,0,1,0,0,1,0,0,0,0,1
2011401,2011,"Asian/Pacific Islander",Non-Hispanic,15-19,0,0,0,0,0,0,0,0,0,0,0
2011402,2011,"Asian/Pacific Islander",Non-Hispanic,20-24,2,0,2,0,0,0,1,0,1,0,0
2011403,2011,"Asian/Pacific Islander",Non-Hispanic,25-29,3,0,1,0,1,1,0,0,0,1,0
2011404,2011,"Asian/Pacific Islander",Non-Hispanic,30-34,17,1,12,1,2,1,2,2,0,1,7
2011405,2011,"Asian/Pacific Islander",Non-Hispanic,35-29,9,0,4,1,1,3,0,3,0,0,1
2011406,2011,"Asian/Pacific Islander",Non-Hispanic,40-44,7,0,3,0,2,2,0,0,0,0,3
2011407,2011,"Asian/Pacific Islander",Non-Hispanic,45-49,0,0,0,0,0,0,0,0,0,0,0
2011408,2011,"Asian/Pacific Islander",Non-Hispanic,50-54,0,0,0,0,0,0,0,0,0,0,0
2012110,2012,Hispanic,Hispanic,10-14,0,0,0,0,0,0,0,0,0,0,0
2012111,2012,Hispanic,Hispanic,15-19,7,0,2,0,2,3,2,0,0,0,0
2012112,2012,Hispanic,Hispanic,20-24,18,0,12,0,4,2,1,1,2,2,6
2012113,2012,Hispanic,Hispanic,25-29,27,1,13,0,7,6,0,2,0,0,11
2012114,2012,Hispanic,Hispanic,30-34,28,0,15,1,6,6,0,2,1,1,11
2012115,2012,Hispanic,Hispanic,35-29,34,1,18,0,7,8,0,1,1,3,13
2012116,2012,Hispanic,Hispanic,40-44,20,0,9,0,3,8,1,1,0,2,5
2012117,2012,Hispanic,Hispanic,45-49,8,0,3,0,1,4,0,0,0,0,3
2012118,2012,Hispanic,Hispanic,50-54,9,0,4,0,1,4,0,0,0,0,4
2012100,2012,"White, Non-Hispanic",Non-Hispanic,10-14,1,0,1,0,0,0,0,0,0,0,1
2012101,2012,"White, Non-Hispanic",Non-Hispanic,15-19,11,2,5,0,4,0,1,0,1,0,3
2012102,2012,"White, Non-Hispanic",Non-Hispanic,20-24,62,0,28,5,12,17,4,2,3,5,14
2012103,2012,"White, Non-Hispanic",Non-Hispanic,25-29,85,1,35,4,16,29,4,2,2,4,23
2012104,2012,"White, Non-Hispanic",Non-Hispanic,30-34,91,1,36,3,30,21,4,2,4,5,21
2012105,2012,"White, Non-Hispanic",Non-Hispanic,35-29,64,2,31,1,15,15,1,3,4,3,20
2012106,2012,"White, Non-Hispanic",Non-Hispanic,40-44,38,0,18,1,9,10,3,0,1,0,14
2012107,2012,"White, Non-Hispanic",Non-Hispanic,45-49,34,0,13,1,7,13,0,0,1,1,11
2012108,2012,"White, Non-Hispanic",Non-Hispanic,50-54,65,1,28,1,8,27,0,0,0,0,28
2012210,2012,Black,Hispanic,10-14,0,0,0,0,0,0,0,0,0,0,0
2012211,2012,Black,Hispanic,15-19,1,0,1,0,0,0,0,0,0,0,1
2012212,2012,Black,Hispanic,20-24,0,0,0,0,0,0,0,0,0,0,0
2012213,2012,Black,Hispanic,25-29,1,0,1,0,0,0,0,0,0,1,0
2012214,2012,Black,Hispanic,30-34,1,0,1,0,0,0,0,0,0,0,1
2012215,2012,Black,Hispanic,35-29,0,0,0,0,0,0,0,0,0,0,0
2012216,2012,Black,Hispanic,40-44,0,0,0,0,0,0,0,0,0,0,0
2012217,2012,Black,Hispanic,45-49,0,0,0,0,0,0,0,0,0,0,0
2012218,2012,Black,Hispanic,50-54,0,0,0,0,0,0,0,0,0,0,0
2012200,2012,Black,Non-Hispanic,10-14,0,0,0,0,0,0,0,0,0,0,0
2012201,2012,Black,Non-Hispanic,15-19,16,0,8,0,3,5,0,1,0,0,7
2012202,2012,Black,Non-Hispanic,20-24,51,2,21,2,10,16,2,0,0,6,13
2012203,2012,Black,Non-Hispanic,25-29,69,0,34,4,12,19,2,2,6,6,18
2012204,2012,Black,Non-Hispanic,30-34,65,4,38,1,14,8,11,1,3,3,20
2012205,2012,Black,Non-Hispanic,35-29,56,1,34,4,5,12,4,3,1,5,21
2012206,2012,Black,Non-Hispanic,40-44,39,0,23,0,10,6,5,0,2,2,14
2012207,2012,Black,Non-Hispanic,45-49,18,0,6,0,4,8,1,0,0,1,4
2012208,2012,Black,Non-Hispanic,50-54,19,0,10,0,4,5,2,0,0,1,7
2012310,2012,"American Indian/Alaskan Native",Hispanic,10-14,0,0,0,0,0,0,0,0,0,0,0
2012311,2012,"American Indian/Alaskan Native",Hispanic,15-19,0,0,0,0,0,0,0,0,0,0,0
2012312,2012,"American Indian/Alaskan Native",Hispanic,20-24,0,0,0,0,0,0,0,0,0,0,0
2012313,2012,"American Indian/Alaskan Native",Hispanic,25-29,0,0,0,0,0,0,0,0,0,0,0
2012314,2012,"American Indian/Alaskan Native",Hispanic,30-34,0,0,0,0,0,0,0,0,0,0,0
2012315,2012,"American Indian/Alaskan Native",Hispanic,35-29,0,0,0,0,0,0,0,0,0,0,0
2012316,2012,"American Indian/Alaskan Native",Hispanic,40-44,0,0,0,0,0,0,0,0,0,0,0
2012317,2012,"American Indian/Alaskan Native",Hispanic,45-49,0,0,0,0,0,0,0,0,0,0,0
2012318,2012,"American Indian/Alaskan Native",Hispanic,50-54,0,0,0,0,0,0,0,0,0,0,0
2012300,2012,"American Indian/Alaskan Native",Non-Hispanic,10-14,0,0,0,0,0,0,0,0,0,0,0
2012301,2012,"American Indian/Alaskan Native",Non-Hispanic,15-19,1,0,0,0,0,1,0,0,0,0,0
2012302,2012,"American Indian/Alaskan Native",Non-Hispanic,20-24,1,1,0,0,0,0,0,0,0,0,0
2012303,2012,"American Indian/Alaskan Native",Non-Hispanic,25-29,6,0,4,0,1,1,0,1,0,0,3
2012304,2012,"American Indian/Alaskan Native",Non-Hispanic,30-34,4,0,1,0,2,1,0,0,0,0,1
2012305,2012,"American Indian/Alaskan Native",Non-Hispanic,35-29,5,0,4,0,0,1,1,1,0,0,2
2012306,2012,"American Indian/Alaskan Native",Non-Hispanic,40-44,2,0,2,0,0,0,1,0,0,0,1
2012307,2012,"American Indian/Alaskan Native",Non-Hispanic,45-49,0,0,0,0,0,0,0,0,0,0,0
2012308,2012,"American Indian/Alaskan Native",Non-Hispanic,50-54,1,0,1,0,0,0,0,0,0,0,1
2012410,2012,"Asian/Pacific Islander",Hispanic,10-14,0,0,0,0,0,0,0,0,0,0,0
2012411,2012,"Asian/Pacific Islander",Hispanic,15-19,0,0,0,0,0,0,0,0,0,0,0
2012412,2012,"Asian/Pacific Islander",Hispanic,20-24,0,0,0,0,0,0,0,0,0,0,0
2012413,2012,"Asian/Pacific Islander",Hispanic,25-29,0,0,0,0,0,0,0,0,0,0,0
2012414,2012,"Asian/Pacific Islander",Hispanic,30-34,0,0,0,0,0,0,0,0,0,0,0
2012415,2012,"Asian/Pacific Islander",Hispanic,35-29,0,0,0,0,0,0,0,0,0,0,0
2012416,2012,"Asian/Pacific Islander",Hispanic,40-44,0,0,0,0,0,0,0,0,0,0,0
2012417,2012,"Asian/Pacific Islander",Hispanic,45-49,0,0,0,0,0,0,0,0,0,0,0
2012418,2012,"Asian/Pacific Islander",Hispanic,50-54,0,0,0,0,0,0,0,0,0,0,0
2012400,2012,"Asian/Pacific Islander",Non-Hispanic,10-14,0,0,0,0,0,0,0,0,0,0,0
2012401,2012,"Asian/Pacific Islander",Non-Hispanic,15-19,1,0,1,0,0,0,0,0,0,1,0
2012402,2012,"Asian/Pacific Islander",Non-Hispanic,20-24,0,0,0,0,0,0,0,0,0,0,0
2012403,2012,"Asian/Pacific Islander",Non-Hispanic,25-29,4,0,4,0,0,0,0,1,1,1,1
2012404,2012,"Asian/Pacific Islander",Non-Hispanic,30-34,12,0,7,0,1,4,0,1,1,1,4
2012405,2012,"Asian/Pacific Islander",Non-Hispanic,35-29,11,0,6,0,1,4,0,1,1,0,4
2012406,2012,"Asian/Pacific Islander",Non-Hispanic,40-44,4,0,2,0,2,0,0,0,0,0,2
2012407,2012,"Asian/Pacific Islander",Non-Hispanic,45-49,1,0,0,0,1,0,0,0,0,0,0
2012408,2012,"Asian/Pacific Islander",Non-Hispanic,50-54,0,0,0,0,0,0,0,0,0,0,0
2013110,2013,Hispanic,Hispanic,10-14,0,0,0,0,0,0,0,0,0,0,0
2013111,2013,Hispanic,Hispanic,15-19,8,0,2,1,1,4,0,0,0,0,2
2013112,2013,Hispanic,Hispanic,20-24,20,2,5,1,6,6,0,0,1,2,2
2013113,2013,Hispanic,Hispanic,25-29,26,1,11,1,8,5,3,1,1,1,5
2013114,2013,Hispanic,Hispanic,30-34,26,2,9,1,7,7,0,2,0,2,5
2013115,2013,Hispanic,Hispanic,35-29,33,1,14,2,10,6,2,3,1,2,6
2013116,2013,Hispanic,Hispanic,40-44,21,0,14,0,4,3,1,1,3,0,9
2013117,2013,Hispanic,Hispanic,45-49,17,0,6,0,6,5,0,0,0,0,6
2013118,2013,Hispanic,Hispanic,50-54,12,0,3,1,4,4,1,0,0,0,2
2013100,2013,"White, Non-Hispanic",Non-Hispanic,10-14,0,0,0,0,0,0,0,0,0,0,0
2013101,2013,"White, Non-Hispanic",Non-Hispanic,15-19,21,0,13,2,2,4,1,0,0,1,11
2013102,2013,"White, Non-Hispanic",Non-Hispanic,20-24,55,2,21,3,18,11,1,3,2,2,13
2013103,2013,"White, Non-Hispanic",Non-Hispanic,25-29,99,1,43,2,35,18,4,3,5,7,24
2013104,2013,"White, Non-Hispanic",Non-Hispanic,30-34,111,3,54,1,30,23,6,5,10,8,25
2013105,2013,"White, Non-Hispanic",Non-Hispanic,35-29,73,0,31,1,25,16,3,6,5,4,13
2013106,2013,"White, Non-Hispanic",Non-Hispanic,40-44,67,3,30,1,15,18,3,1,0,1,25
2013107,2013,"White, Non-Hispanic",Non-Hispanic,45-49,37,0,17,0,4,16,2,0,0,2,13
2013108,2013,"White, Non-Hispanic",Non-Hispanic,50-54,80,0,41,1,10,28,2,0,0,4,35
2013210,2013,Black,Hispanic,10-14,0,0,0,0,0,0,0,0,0,0,0
2013211,2013,Black,Hispanic,15-19,0,0,0,0,0,0,0,0,0,0,0
2013212,2013,Black,Hispanic,20-24,0,0,0,0,0,0,0,0,0,0,0
2013213,2013,Black,Hispanic,25-29,0,0,0,0,0,0,0,0,0,0,0
2013214,2013,Black,Hispanic,30-34,0,0,0,0,0,0,0,0,0,0,0
2013215,2013,Black,Hispanic,35-29,0,0,0,0,0,0,0,0,0,0,0
2013216,2013,Black,Hispanic,40-44,1,0,0,0,0,1,0,0,0,0,0
2013217,2013,Black,Hispanic,45-49,0,0,0,0,0,0,0,0,0,0,0
2013218,2013,Black,Hispanic,50-54,0,0,0,0,0,0,0,0,0,0,0
2013200,2013,Black,Non-Hispanic,10-14,0,0,0,0,0,0,0,0,0,0,0
2013201,2013,Black,Non-Hispanic,15-19,11,0,8,0,1,2,1,1,1,1,4
2013202,2013,Black,Non-Hispanic,20-24,58,2,39,1,9,7,3,0,2,9,25
2013203,2013,Black,Non-Hispanic,25-29,87,4,48,1,17,17,8,2,5,14,19
2013204,2013,Black,Non-Hispanic,30-34,63,3,32,1,16,11,3,0,3,6,20
2013205,2013,Black,Non-Hispanic,35-29,52,0,29,1,9,13,2,1,6,4,16
2013206,2013,Black,Non-Hispanic,40-44,34,1,17,0,6,10,2,0,4,3,8
2013207,2013,Black,Non-Hispanic,45-49,21,0,12,0,4,5,2,0,0,0,10
2013208,2013,Black,Non-Hispanic,50-54,35,0,20,0,5,10,1,0,1,1,17
2013310,2013,"American Indian/Alaskan Native",Hispanic,10-14,0,0,0,0,0,0,0,0,0,0,0
2013311,2013,"American Indian/Alaskan Native",Hispanic,15-19,0,0,0,0,0,0,0,0,0,0,0
2013312,2013,"American Indian/Alaskan Native",Hispanic,20-24,0,0,0,0,0,0,0,0,0,0,0
2013313,2013,"American Indian/Alaskan Native",Hispanic,25-29,0,0,0,0,0,0,0,0,0,0,0
2013314,2013,"American Indian/Alaskan Native",Hispanic,30-34,0,0,0,0,0,0,0,0,0,0,0
2013315,2013,"American Indian/Alaskan Native",Hispanic,35-29,1,0,0,0,1,0,0,0,0,0,0
2013316,2013,"American Indian/Alaskan Native",Hispanic,40-44,0,0,0,0,0,0,0,0,0,0,0
2013317,2013,"American Indian/Alaskan Native",Hispanic,45-49,0,0,0,0,0,0,0,0,0,0,0
2013318,2013,"American Indian/Alaskan Native",Hispanic,50-54,0,0,0,0,0,0,0,0,0,0,0
2013300,2013,"American Indian/Alaskan Native",Non-Hispanic,10-14,0,0,0,0,0,0,0,0,0,0,0
2013301,2013,"American Indian/Alaskan Native",Non-Hispanic,15-19,0,0,0,0,0,0,0,0,0,0,0
2013302,2013,"American Indian/Alaskan Native",Non-Hispanic,20-24,3,1,0,1,1,0,0,0,0,0,0
2013303,2013,"American Indian/Alaskan Native",Non-Hispanic,25-29,3,0,1,0,1,1,0,0,0,0,1
2013304,2013,"American Indian/Alaskan Native",Non-Hispanic,30-34,4,0,4,0,0,0,0,0,0,0,4
2013305,2013,"American Indian/Alaskan Native",Non-Hispanic,35-29,2,0,1,0,0,1,1,0,0,0,0
2013306,2013,"American Indian/Alaskan Native",Non-Hispanic,40-44,1,0,0,0,0,1,0,0,0,0,0
2013307,2013,"American Indian/Alaskan Native",Non-Hispanic,45-49,1,0,1,0,0,0,0,0,0,0,1
2013308,2013,"American Indian/Alaskan Native",Non-Hispanic,50-54,1,0,0,0,1,0,0,0,0,0,0
2013410,2013,"Asian/Pacific Islander",Hispanic,10-14,0,0,0,0,0,0,0,0,0,0,0
2013411,2013,"Asian/Pacific Islander",Hispanic,15-19,0,0,0,0,0,0,0,0,0,0,0
2013412,2013,"Asian/Pacific Islander",Hispanic,20-24,0,0,0,0,0,0,0,0,0,0,0
2013413,2013,"Asian/Pacific Islander",Hispanic,25-29,0,0,0,0,0,0,0,0,0,0,0
2013414,2013,"Asian/Pacific Islander",Hispanic,30-34,1,0,0,0,0,1,0,0,0,0,0
2013415,2013,"Asian/Pacific Islander",Hispanic,35-29,1,0,1,0,0,0,0,0,0,0,1
2013416,2013,"Asian/Pacific Islander",Hispanic,40-44,0,0,0,0,0,0,0,0,0,0,0
2013417,2013,"Asian/Pacific Islander",Hispanic,45-49,0,0,0,0,0,0,0,0,0,0,0
2013418,2013,"Asian/Pacific Islander",Hispanic,50-54,0,0,0,0,0,0,0,0,0,0,0
2013400,2013,"Asian/Pacific Islander",Non-Hispanic,10-14,0,0,0,0,0,0,0,0,0,0,0
2013401,2013,"Asian/Pacific Islander",Non-Hispanic,15-19,1,0,1,0,0,0,0,0,1,0,0
2013402,2013,"Asian/Pacific Islander",Non-Hispanic,20-24,2,0,1,1,0,0,0,0,0,0,1
2013403,2013,"Asian/Pacific Islander",Non-Hispanic,25-29,7,0,3,0,3,1,0,0,0,1,2
2013404,2013,"Asian/Pacific Islander",Non-Hispanic,30-34,15,0,6,0,7,2,1,1,1,0,3
2013405,2013,"Asian/Pacific Islander",Non-Hispanic,35-29,12,0,8,0,2,2,1,2,2,0,3
2013406,2013,"Asian/Pacific Islander",Non-Hispanic,40-44,5,1,2,0,0,2,0,1,0,0,1
2013407,2013,"Asian/Pacific Islander",Non-Hispanic,45-49,2,0,0,0,2,0,0,0,0,0,0
2013408,2013,"Asian/Pacific Islander",Non-Hispanic,50-54,1,0,0,0,0,1,0,0,0,0,0
2014110,2014,Hispanic,Hispanic,10-14,1,0,1,0,0,0,0,0,0,0,1
2014111,2014,Hispanic,Hispanic,15-19,7,0,6,0,0,1,1,0,0,0,5
2014112,2014,Hispanic,Hispanic,20-24,20,2,6,0,8,4,1,0,0,1,4
2014113,2014,Hispanic,Hispanic,25-29,27,0,9,0,12,6,0,1,0,3,5
2014114,2014,Hispanic,Hispanic,30-34,25,0,12,0,9,4,0,1,0,1,10
2014115,2014,Hispanic,Hispanic,35-29,34,1,21,1,7,4,1,3,1,1,15
2014116,2014,Hispanic,Hispanic,40-44,28,0,10,0,11,7,0,1,0,1,8
2014117,2014,Hispanic,Hispanic,45-49,6,0,3,0,3,0,0,1,1,0,1
2014118,2014,Hispanic,Hispanic,50-54,17,0,11,0,4,2,1,0,0,0,10
2014100,2014,"White, Non-Hispanic",Non-Hispanic,10-14,1,0,0,0,0,1,0,0,0,0,0
2014101,2014,"White, Non-Hispanic",Non-Hispanic,15-19,13,0,7,0,4,2,0,0,0,2,5
2014102,2014,"White, Non-Hispanic",Non-Hispanic,20-24,59,1,19,2,14,23,0,1,1,0,17
2014103,2014,"White, Non-Hispanic",Non-Hispanic,25-29,82,1,31,3,22,25,2,1,6,6,16
2014104,2014,"White, Non-Hispanic",Non-Hispanic,30-34,110,3,50,2,31,24,5,2,5,6,32
2014105,2014,"White, Non-Hispanic",Non-Hispanic,35-29,101,4,47,1,21,28,5,3,5,1,33
2014106,2014,"White, Non-Hispanic",Non-Hispanic,40-44,58,1,20,0,13,24,1,0,2,3,14
2014107,2014,"White, Non-Hispanic",Non-Hispanic,45-49,48,0,21,0,4,23,1,0,1,2,17
2014108,2014,"White, Non-Hispanic",Non-Hispanic,50-54,56,0,29,0,9,18,2,0,1,1,25
2014210,2014,Black,Hispanic,10-14,0,0,0,0,0,0,0,0,0,0,0
2014211,2014,Black,Hispanic,15-19,0,0,0,0,0,0,0,0,0,0,0
2014212,2014,Black,Hispanic,20-24,1,0,0,0,1,0,0,0,0,0,0
2014213,2014,Black,Hispanic,25-29,5,0,3,0,1,1,0,0,0,0,3
2014214,2014,Black,Hispanic,30-34,1,0,0,0,1,0,0,0,0,0,0
2014215,2014,Black,Hispanic,35-29,0,0,0,0,0,0,0,0,0,0,0
2014216,2014,Black,Hispanic,40-44,0,0,0,0,0,0,0,0,0,0,0
2014217,2014,Black,Hispanic,45-49,0,0,0,0,0,0,0,0,0,0,0
2014218,2014,Black,Hispanic,50-54,0,0,0,0,0,0,0,0,0,0,0
2014200,2014,Black,Non-Hispanic,10-14,0,0,0,0,0,0,0,0,0,0,0
2014201,2014,Black,Non-Hispanic,15-19,11,0,5,0,2,4,1,0,0,0,4
2014202,2014,Black,Non-Hispanic,20-24,45,0,23,1,8,13,2,2,1,3,15
2014203,2014,Black,Non-Hispanic,25-29,57,4,31,1,14,7,6,0,2,9,14
2014204,2014,Black,Non-Hispanic,30-34,80,5,38,2,17,18,6,4,4,7,17
2014205,2014,Black,Non-Hispanic,35-29,61,3,29,1,18,10,4,0,5,2,18
2014206,2014,Black,Non-Hispanic,40-44,42,1,23,0,8,10,6,0,1,1,15
2014207,2014,Black,Non-Hispanic,45-49,36,0,19,0,5,12,0,0,0,1,18
2014208,2014,Black,Non-Hispanic,50-54,31,0,22,0,4,5,0,0,1,1,20
2014310,2014,"American Indian/Alaskan Native",Hispanic,10-14,0,0,0,0,0,0,0,0,0,0,0
2014311,2014,"American Indian/Alaskan Native",Hispanic,15-19,0,0,0,0,0,0,0,0,0,0,0
2014312,2014,"American Indian/Alaskan Native",Hispanic,20-24,0,0,0,0,0,0,0,0,0,0,0
2014313,2014,"American Indian/Alaskan Native",Hispanic,25-29,0,0,0,0,0,0,0,0,0,0,0
2014314,2014,"American Indian/Alaskan Native",Hispanic,30-34,0,0,0,0,0,0,0,0,0,0,0
2014315,2014,"American Indian/Alaskan Native",Hispanic,35-29,0,0,0,0,0,0,0,0,0,0,0
2014316,2014,"American Indian/Alaskan Native",Hispanic,40-44,0,0,0,0,0,0,0,0,0,0,0
2014317,2014,"American Indian/Alaskan Native",Hispanic,45-49,0,0,0,0,0,0,0,0,0,0,0
2014318,2014,"American Indian/Alaskan Native",Hispanic,50-54,0,0,0,0,0,0,0,0,0,0,0
2014300,2014,"American Indian/Alaskan Native",Non-Hispanic,10-14,0,0,0,0,0,0,0,0,0,0,0
2014301,2014,"American Indian/Alaskan Native",Non-Hispanic,15-19,0,0,0,0,0,0,0,0,0,0,0
2014302,2014,"American Indian/Alaskan Native",Non-Hispanic,20-24,4,0,2,0,1,1,0,1,0,1,0
2014303,2014,"American Indian/Alaskan Native",Non-Hispanic,25-29,4,0,1,0,0,3,0,0,0,0,1
2014304,2014,"American Indian/Alaskan Native",Non-Hispanic,30-34,1,0,0,0,0,1,0,0,0,0,0
2014305,2014,"American Indian/Alaskan Native",Non-Hispanic,35-29,5,1,3,1,0,0,0,1,0,0,2
2014306,2014,"American Indian/Alaskan Native",Non-Hispanic,40-44,1,0,1,0,0,0,0,0,0,0,1
2014307,2014,"American Indian/Alaskan Native",Non-Hispanic,45-49,2,0,1,0,0,1,0,0,0,0,1
2014308,2014,"American Indian/Alaskan Native",Non-Hispanic,50-54,1,0,1,0,0,0,0,0,0,0,1
2014410,2014,"Asian/Pacific Islander",Hispanic,10-14,0,0,0,0,0,0,0,0,0,0,0
2014411,2014,"Asian/Pacific Islander",Hispanic,15-19,0,0,0,0,0,0,0,0,0,0,0
2014412,2014,"Asian/Pacific Islander",Hispanic,20-24,1,0,0,0,0,1,0,0,0,0,0
2014413,2014,"Asian/Pacific Islander",Hispanic,25-29,0,0,0,0,0,0,0,0,0,0,0
2014414,2014,"Asian/Pacific Islander",Hispanic,30-34,0,0,0,0,0,0,0,0,0,0,0
2014415,2014,"Asian/Pacific Islander",Hispanic,35-29,0,0,0,0,0,0,0,0,0,0,0
2014416,2014,"Asian/Pacific Islander",Hispanic,40-44,1,0,0,0,0,1,0,0,0,0,0
2014417,2014,"Asian/Pacific Islander",Hispanic,45-49,0,0,0,0,0,0,0,0,0,0,0
2014418,2014,"Asian/Pacific Islander",Hispanic,50-54,0,0,0,0,0,0,0,0,0,0,0
2014400,2014,"Asian/Pacific Islander",Non-Hispanic,10-14,0,0,0,0,0,0,0,0,0,0,0
2014401,2014,"Asian/Pacific Islander",Non-Hispanic,15-19,0,0,0,0,0,0,0,0,0,0,0
2014402,2014,"Asian/Pacific Islander",Non-Hispanic,20-24,2,0,0,0,2,0,0,0,0,0,0
2014403,2014,"Asian/Pacific Islander",Non-Hispanic,25-29,6,0,3,0,2,1,0,0,1,0,2
2014404,2014,"Asian/Pacific Islander",Non-Hispanic,30-34,12,0,5,0,3,4,1,1,0,0,3
2014405,2014,"Asian/Pacific Islander",Non-Hispanic,35-29,12,1,4,0,6,1,0,1,0,0,3
2014406,2014,"Asian/Pacific Islander",Non-Hispanic,40-44,10,0,6,0,3,1,1,1,1,0,3
2014407,2014,"Asian/Pacific Islander",Non-Hispanic,45-49,1,0,0,0,0,1,0,0,0,0,0
2014408,2014,"Asian/Pacific Islander",Non-Hispanic,50-54,1,0,0,0,1,0,0,0,0,0,0
2015110,2015,Hispanic,Hispanic,10-14,1,0,1,0,0,0,0,0,0,0,1
2015111,2015,Hispanic,Hispanic,15-19,6,0,1,0,3,2,1,0,0,0,0
2015112,2015,Hispanic,Hispanic,20-24,21,0,7,0,9,5,1,0,0,0,6
2015113,2015,Hispanic,Hispanic,25-29,29,2,10,0,11,6,2,0,1,0,7
2015114,2015,Hispanic,Hispanic,30-34,31,0,12,2,13,4,0,2,2,0,8
2015115,2015,Hispanic,Hispanic,35-29,34,1,14,0,9,10,2,1,0,1,10
2015116,2015,Hispanic,Hispanic,40-44,13,1,6,1,4,1,0,1,1,0,4
2015117,2015,Hispanic,Hispanic,45-49,10,0,5,0,2,3,0,0,0,0,5
2015118,2015,Hispanic,Hispanic,50-54,12,0,7,0,5,0,0,0,0,0,7
2015100,2015,"White, Non-Hispanic",Non-Hispanic,10-14,1,0,0,1,0,0,0,0,0,0,0
2015101,2015,"White, Non-Hispanic",Non-Hispanic,15-19,16,1,7,0,3,5,0,0,1,1,5
2015102,2015,"White, Non-Hispanic",Non-Hispanic,20-24,51,2,18,4,17,10,1,1,1,4,11
2015103,2015,"White, Non-Hispanic",Non-Hispanic,25-29,104,1,48,4,29,22,4,0,11,6,27
2015104,2015,"White, Non-Hispanic",Non-Hispanic,30-34,101,2,39,0,36,24,5,2,3,4,25
2015105,2015,"White, Non-Hispanic",Non-Hispanic,35-29,81,3,34,1,18,25,5,2,3,1,23
2015106,2015,"White, Non-Hispanic",Non-Hispanic,40-44,49,1,23,2,10,13,0,0,1,0,22
2015107,2015,"White, Non-Hispanic",Non-Hispanic,45-49,55,0,32,0,11,12,0,0,0,0,32
2015108,2015,"White, Non-Hispanic",Non-Hispanic,50-54,84,0,39,0,16,29,0,0,0,2,37
2015210,2015,Black,Hispanic,10-14,0,0,0,0,0,0,0,0,0,0,0
2015211,2015,Black,Hispanic,15-19,0,0,0,0,0,0,0,0,0,0,0
2015212,2015,Black,Hispanic,20-24,0,0,0,0,0,0,0,0,0,0,0
2015213,2015,Black,Hispanic,25-29,0,0,0,0,0,0,0,0,0,0,0
2015214,2015,Black,Hispanic,30-34,0,0,0,0,0,0,0,0,0,0,0
2015215,2015,Black,Hispanic,35-29,0,0,0,0,0,0,0,0,0,0,0
2015216,2015,Black,Hispanic,40-44,1,0,0,0,1,0,0,0,0,0,0
2015217,2015,Black,Hispanic,45-49,0,0,0,0,0,0,0,0,0,0,0
2015218,2015,Black,Hispanic,50-54,0,0,0,0,0,0,0,0,0,0,0
2015200,2015,Black,Non-Hispanic,10-14,0,0,0,0,0,0,0,0,0,0,0
2015201,2015,Black,Non-Hispanic,15-19,17,0,12,0,2,3,1,1,3,2,5
2015202,2015,Black,Non-Hispanic,20-24,46,1,24,1,12,8,3,2,1,6,12
2015203,2015,Black,Non-Hispanic,25-29,64,1,31,1,19,12,3,2,1,3,22
2015204,2015,Black,Non-Hispanic,30-34,69,1,32,2,21,13,3,2,7,6,14
2015205,2015,Black,Non-Hispanic,35-29,66,1,33,2,20,10,6,1,1,3,22
2015206,2015,Black,Non-Hispanic,40-44,39,0,22,0,11,6,2,0,1,5,14
2015207,2015,Black,Non-Hispanic,45-49,30,0,17,0,2,11,1,1,0,2,13
2015208,2015,Black,Non-Hispanic,50-54,41,0,16,0,6,19,2,0,1,0,13
2015310,2015,"American Indian/Alaskan Native",Hispanic,10-14,0,0,0,0,0,0,0,0,0,0,0
2015311,2015,"American Indian/Alaskan Native",Hispanic,15-19,0,0,0,0,0,0,0,0,0,0,0
2015312,2015,"American Indian/Alaskan Native",Hispanic,20-24,1,0,0,0,0,1,0,0,0,0,0
2015313,2015,"American Indian/Alaskan Native",Hispanic,25-29,0,0,0,0,0,0,0,0,0,0,0
2015314,2015,"American Indian/Alaskan Native",Hispanic,30-34,0,0,0,0,0,0,0,0,0,0,0
2015315,2015,"American Indian/Alaskan Native",Hispanic,35-29,0,0,0,0,0,0,0,0,0,0,0
2015316,2015,"American Indian/Alaskan Native",Hispanic,40-44,0,0,0,0,0,0,0,0,0,0,0
2015317,2015,"American Indian/Alaskan Native",Hispanic,45-49,1,0,1,0,0,0,0,0,0,0,1
2015318,2015,"American Indian/Alaskan Native",Hispanic,50-54,0,0,0,0,0,0,0,0,0,0,0
2015300,2015,"American Indian/Alaskan Native",Non-Hispanic,10-14,0,0,0,0,0,0,0,0,0,0,0
2015301,2015,"American Indian/Alaskan Native",Non-Hispanic,15-19,2,0,1,0,0,1,0,0,0,0,1
2015302,2015,"American Indian/Alaskan Native",Non-Hispanic,20-24,1,0,0,0,0,1,0,0,0,0,0
2015303,2015,"American Indian/Alaskan Native",Non-Hispanic,25-29,4,0,3,0,1,0,1,0,0,0,2
2015304,2015,"American Indian/Alaskan Native",Non-Hispanic,30-34,3,0,0,0,2,1,0,0,0,0,0
2015305,2015,"American Indian/Alaskan Native",Non-Hispanic,35-29,5,0,3,0,1,1,0,1,1,0,1
2015306,2015,"American Indian/Alaskan Native",Non-Hispanic,40-44,1,0,0,0,0,1,0,0,0,0,0
2015307,2015,"American Indian/Alaskan Native",Non-Hispanic,45-49,1,0,1,0,0,0,0,0,0,0,1
2015308,2015,"American Indian/Alaskan Native",Non-Hispanic,50-54,2,0,2,0,0,0,0,0,0,0,2
2015410,2015,"Asian/Pacific Islander",Hispanic,10-14,0,0,0,0,0,0,0,0,0,0,0
2015411,2015,"Asian/Pacific Islander",Hispanic,15-19,0,0,0,0,0,0,0,0,0,0,0
2015412,2015,"Asian/Pacific Islander",Hispanic,20-24,0,0,0,0,0,0,0,0,0,0,0
2015413,2015,"Asian/Pacific Islander",Hispanic,25-29,0,0,0,0,0,0,0,0,0,0,0
2015414,2015,"Asian/Pacific Islander",Hispanic,30-34,0,0,0,0,0,0,0,0,0,0,0
2015415,2015,"Asian/Pacific Islander",Hispanic,35-29,0,0,0,0,0,0,0,0,0,0,0
2015416,2015,"Asian/Pacific Islander",Hispanic,40-44,0,0,0,0,0,0,0,0,0,0,0
2015417,2015,"Asian/Pacific Islander",Hispanic,45-49,0,0,0,0,0,0,0,0,0,0,0
2015418,2015,"Asian/Pacific Islander",Hispanic,50-54,0,0,0,0,0,0,0,0,0,0,0
2015400,2015,"Asian/Pacific Islander",Non-Hispanic,10-14,0,0,0,0,0,0,0,0,0,0,0
2015401,2015,"Asian/Pacific Islander",Non-Hispanic,15-19,0,0,0,0,0,0,0,0,0,0,0
2015402,2015,"Asian/Pacific Islander",Non-Hispanic,20-24,1,0,1,0,0,0,0,0,0,0,1
2015403,2015,"Asian/Pacific Islander",Non-Hispanic,25-29,4,0,2,0,1,1,1,0,0,0,1
2015404,2015,"Asian/Pacific Islander",Non-Hispanic,30-34,17,2,8,0,5,2,0,0,2,2,4
2015405,2015,"Asian/Pacific Islander",Non-Hispanic,35-29,12,0,8,0,4,0,0,1,1,1,5
2015406,2015,"Asian/Pacific Islander",Non-Hispanic,40-44,10,0,6,0,2,2,0,0,2,0,4
2015407,2015,"Asian/Pacific Islander",Non-Hispanic,45-49,2,0,0,0,2,0,0,0,0,0,0
2015408,2015,"Asian/Pacific Islander",Non-Hispanic,50-54,2,0,0,0,0,2,0,0,0,0,0
2016110,2016,Hispanic,Hispanic,10-14,1,0,0,0,0,1,0,0,0,0,0
2016111,2016,Hispanic,Hispanic,15-19,8,0,5,0,1,2,1,0,2,1,1
2016112,2016,Hispanic,Hispanic,20-24,20,0,10,0,8,2,0,0,0,0,10
2016113,2016,Hispanic,Hispanic,25-29,36,1,18,1,16,0,2,1,2,1,12
2016114,2016,Hispanic,Hispanic,30-34,51,1,24,1,19,6,2,2,1,2,17
2016115,2016,Hispanic,Hispanic,35-29,30,1,14,0,11,4,2,0,0,1,11
2016116,2016,Hispanic,Hispanic,40-44,20,0,9,0,6,5,0,3,0,1,5
2016117,2016,Hispanic,Hispanic,45-49,10,0,7,0,0,3,0,0,0,0,7
2016118,2016,Hispanic,Hispanic,50-54,9,0,7,0,2,0,0,1,0,0,6
2016100,2016,"White, Non-Hispanic",Non-Hispanic,10-14,1,0,1,0,0,0,0,0,0,0,1
2016101,2016,"White, Non-Hispanic",Non-Hispanic,15-19,8,0,2,0,0,6,0,0,0,0,2
2016102,2016,"White, Non-Hispanic",Non-Hispanic,20-24,71,0,19,1,33,18,1,2,2,3,11
2016103,2016,"White, Non-Hispanic",Non-Hispanic,25-29,96,2,39,2,31,22,3,1,4,4,27
2016104,2016,"White, Non-Hispanic",Non-Hispanic,30-34,106,3,41,0,37,25,5,3,4,3,26
2016105,2016,"White, Non-Hispanic",Non-Hispanic,35-29,114,3,43,0,40,28,1,3,5,8,26
2016106,2016,"White, Non-Hispanic",Non-Hispanic,40-44,58,0,32,0,12,14,5,2,4,1,20
2016107,2016,"White, Non-Hispanic",Non-Hispanic,45-49,46,0,20,0,8,18,1,0,0,2,17
2016108,2016,"White, Non-Hispanic",Non-Hispanic,50-54,82,0,46,0,9,27,3,1,2,1,39
2016210,2016,Black,Hispanic,10-14,0,0,0,0,0,0,0,0,0,0,0
2016211,2016,Black,Hispanic,15-19,0,0,0,0,0,0,0,0,0,0,0
2016212,2016,Black,Hispanic,20-24,1,0,0,0,0,1,0,0,0,0,0
2016213,2016,Black,Hispanic,25-29,2,0,1,0,0,1,0,0,0,0,1
2016214,2016,Black,Hispanic,30-34,1,0,1,0,0,0,0,0,1,0,0
2016215,2016,Black,Hispanic,35-29,1,0,1,0,0,0,0,0,0,0,1
2016216,2016,Black,Hispanic,40-44,1,0,1,0,0,0,0,0,0,0,1
2016217,2016,Black,Hispanic,45-49,0,0,0,0,0,0,0,0,0,0,0
2016218,2016,Black,Hispanic,50-54,0,0,0,0,0,0,0,0,0,0,0
2016200,2016,Black,Non-Hispanic,10-14,1,0,0,0,0,1,0,0,0,0,0
2016201,2016,Black,Non-Hispanic,15-19,6,0,4,0,1,1,0,0,1,1,2
2016202,2016,Black,Non-Hispanic,20-24,61,2,32,2,20,5,8,1,2,2,19
2016203,2016,Black,Non-Hispanic,25-29,86,4,36,0,29,17,2,3,5,3,23
2016204,2016,Black,Non-Hispanic,30-34,69,1,36,0,21,11,7,2,4,2,21
2016205,2016,Black,Non-Hispanic,35-29,74,2,37,0,26,9,4,2,2,4,25
2016206,2016,Black,Non-Hispanic,40-44,36,1,22,1,7,5,2,2,0,1,17
2016207,2016,Black,Non-Hispanic,45-49,37,0,24,0,3,10,3,0,0,2,19
2016208,2016,Black,Non-Hispanic,50-54,25,0,14,0,3,8,1,0,0,1,12
2016310,2016,"American Indian/Alaskan Native",Hispanic,10-14,0,0,0,0,0,0,0,0,0,0,0
2016311,2016,"American Indian/Alaskan Native",Hispanic,15-19,0,0,0,0,0,0,0,0,0,0,0
2016312,2016,"American Indian/Alaskan Native",Hispanic,20-24,0,0,0,0,0,0,0,0,0,0,0
2016313,2016,"American Indian/Alaskan Native",Hispanic,25-29,0,0,0,0,0,0,0,0,0,0,0
2016314,2016,"American Indian/Alaskan Native",Hispanic,30-34,0,0,0,0,0,0,0,0,0,0,0
2016315,2016,"American Indian/Alaskan Native",Hispanic,35-29,0,0,0,0,0,0,0,0,0,0,0
2016316,2016,"American Indian/Alaskan Native",Hispanic,40-44,0,0,0,0,0,0,0,0,0,0,0
2016317,2016,"American Indian/Alaskan Native",Hispanic,45-49,1,0,1,0,0,0,0,0,0,0,1
2016318,2016,"American Indian/Alaskan Native",Hispanic,50-54,0,0,0,0,0,0,0,0,0,0,0
2016300,2016,"American Indian/Alaskan Native",Non-Hispanic,10-14,0,0,0,0,0,0,0,0,0,0,0
2016301,2016,"American Indian/Alaskan Native",Non-Hispanic,15-19,2,0,0,0,0,2,0,0,0,0,0
2016302,2016,"American Indian/Alaskan Native",Non-Hispanic,20-24,1,0,0,0,1,0,0,0,0,0,0
2016303,2016,"American Indian/Alaskan Native",Non-Hispanic,25-29,0,0,0,0,0,0,0,0,0,0,0
2016304,2016,"American Indian/Alaskan Native",Non-Hispanic,30-34,3,1,1,0,1,0,0,0,0,0,1
2016305,2016,"American Indian/Alaskan Native",Non-Hispanic,35-29,1,0,1,0,0,0,0,0,0,0,1
2016306,2016,"American Indian/Alaskan Native",Non-Hispanic,40-44,1,0,0,0,1,0,0,0,0,0,0
2016307,2016,"American Indian/Alaskan Native",Non-Hispanic,45-49,0,0,0,0,0,0,0,0,0,0,0
2016308,2016,"American Indian/Alaskan Native",Non-Hispanic,50-54,3,0,1,0,2,0,0,0,0,0,1
2016410,2016,"Asian/Pacific Islander",Hispanic,10-14,0,0,0,0,0,0,0,0,0,0,0
2016411,2016,"Asian/Pacific Islander",Hispanic,15-19,0,0,0,0,0,0,0,0,0,0,0
2016412,2016,"Asian/Pacific Islander",Hispanic,20-24,0,0,0,0,0,0,0,0,0,0,0
2016413,2016,"Asian/Pacific Islander",Hispanic,25-29,1,0,1,0,0,0,0,0,1,0,0
2016414,2016,"Asian/Pacific Islander",Hispanic,30-34,0,0,0,0,0,0,0,0,0,0,0
2016415,2016,"Asian/Pacific Islander",Hispanic,35-29,1,0,1,0,0,0,0,0,0,1,0
2016416,2016,"Asian/Pacific Islander",Hispanic,40-44,0,0,0,0,0,0,0,0,0,0,0
2016417,2016,"Asian/Pacific Islander",Hispanic,45-49,0,0,0,0,0,0,0,0,0,0,0
2016418,2016,"Asian/Pacific Islander",Hispanic,50-54,0,0,0,0,0,0,0,0,0,0,0
2016400,2016,"Asian/Pacific Islander",Non-Hispanic,10-14,0,0,0,0,0,0,0,0,0,0,0
2016401,2016,"Asian/Pacific Islander",Non-Hispanic,15-19,0,0,0,0,0,0,0,0,0,0,0
2016402,2016,"Asian/Pacific Islander",Non-Hispanic,20-24,6,0,2,0,3,1,0,0,0,0,2
2016403,2016,"Asian/Pacific Islander",Non-Hispanic,25-29,10,0,3,0,6,1,1,0,0,0,2
2016404,2016,"Asian/Pacific Islander",Non-Hispanic,30-34,15,0,6,1,6,2,0,2,1,1,2
2016405,2016,"Asian/Pacific Islander",Non-Hispanic,35-29,13,0,7,0,4,2,0,1,1,1,4
2016406,2016,"Asian/Pacific Islander",Non-Hispanic,40-44,6,0,3,0,3,0,0,2,0,0,1
2016407,2016,"Asian/Pacific Islander",Non-Hispanic,45-49,5,0,1,0,2,2,0,0,0,0,1
2016408,2016,"Asian/Pacific Islander",Non-Hispanic,50-54,2,0,0,0,1,1,0,0,0,0,0
